Area,Mean Predicted Richness
1.0,120.15079619037974
5.2,131.46541247437398
10.95,29.64742765457796
152.3,58.888935371091954
597.6,73.64878261162968
820.0,77.03465583948847
989.8,79.07022250627797
1232.5,81.47143740756526
15061.0,113.36578405886785
